config_id,n,candidate_selector,candidate_count,structured_init,seed_base,run_index,seed_used,k_sample,nbhd_width,max_restart,max_step_ratio,max_steps,solved,steps,restarts,total_time_sec,final_conflicts,stats_n,stats_solved,stats_steps,stats_restarts,stats_k_sample,stats_nbhd_width,stats_seed,stats_max_steps,timeout_hit,exception_occurred,exception_message
0,100,k_sample,32,0,42,0,42,32,0,3,50.0,5000,1,485,0,0.0004093000025022775,0,100,1,485,0,32,0,42,5000,0,0,
0,100,k_sample,32,0,42,1,43,32,0,3,50.0,5000,1,254,0,0.00026679999427869916,0,100,1,254,0,32,0,43,5000,0,0,
0,100,k_sample,32,0,123,0,123,32,0,3,50.0,5000,1,346,0,0.00028360000578686595,0,100,1,346,0,32,0,123,5000,0,0,
0,100,k_sample,32,0,123,1,124,32,0,3,50.0,5000,1,383,0,0.0002882999979192391,0,100,1,383,0,32,0,124,5000,0,0,
1,100,k_sample,32,1,42,0,42,32,0,3,50.0,5000,1,281,0,0.0002638000005390495,0,100,1,281,0,32,0,42,5000,0,0,
1,100,k_sample,32,1,42,1,43,32,0,3,50.0,5000,1,362,0,0.000269199998001568,0,100,1,362,0,32,0,43,5000,0,0,
1,100,k_sample,32,1,123,0,123,32,0,3,50.0,5000,1,394,0,0.000262400004430674,0,100,1,394,0,32,0,123,5000,0,0,
1,100,k_sample,32,1,123,1,124,32,0,3,50.0,5000,1,792,0,0.00047539999650325626,0,100,1,792,0,32,0,124,5000,0,0,
2,100,k_sample,128,0,42,0,42,100,0,3,50.0,5000,1,252,0,0.0002857000072253868,0,100,1,252,0,100,0,42,5000,0,0,
2,100,k_sample,128,0,42,1,43,100,0,3,50.0,5000,1,121,0,0.00025090000417549163,0,100,1,121,0,100,0,43,5000,0,0,
2,100,k_sample,128,0,123,0,123,100,0,3,50.0,5000,1,128,0,0.0002668999950401485,0,100,1,128,0,100,0,123,5000,0,0,
2,100,k_sample,128,0,123,1,124,100,0,3,50.0,5000,1,262,0,0.0002928000030806288,0,100,1,262,0,100,0,124,5000,0,0,
3,100,k_sample,128,1,42,0,42,100,0,3,50.0,5000,1,464,0,0.0003647999983513728,0,100,1,464,0,100,0,42,5000,0,0,
3,100,k_sample,128,1,42,1,43,100,0,3,50.0,5000,1,286,0,0.00029469998844433576,0,100,1,286,0,100,0,43,5000,0,0,
3,100,k_sample,128,1,123,0,123,100,0,3,50.0,5000,1,198,0,0.0002702999918255955,0,100,1,198,0,100,0,123,5000,0,0,
3,100,k_sample,128,1,123,1,124,100,0,3,50.0,5000,1,375,0,0.00030700000934302807,0,100,1,375,0,100,0,124,5000,0,0,
4,100,k_sample,512,0,42,0,42,100,0,3,50.0,5000,1,252,0,0.00030509999487549067,0,100,1,252,0,100,0,42,5000,0,0,
4,100,k_sample,512,0,42,1,43,100,0,3,50.0,5000,1,121,0,0.00026080000679939985,0,100,1,121,0,100,0,43,5000,0,0,
4,100,k_sample,512,0,123,0,123,100,0,3,50.0,5000,1,128,0,0.0002660000027390197,0,100,1,128,0,100,0,123,5000,0,0,
4,100,k_sample,512,0,123,1,124,100,0,3,50.0,5000,1,262,0,0.0002691000117920339,0,100,1,262,0,100,0,124,5000,0,0,
5,100,k_sample,512,1,42,0,42,100,0,3,50.0,5000,1,464,0,0.0003324999997857958,0,100,1,464,0,100,0,42,5000,0,0,
5,100,k_sample,512,1,42,1,43,100,0,3,50.0,5000,1,286,0,0.00026450000586919487,0,100,1,286,0,100,0,43,5000,0,0,
5,100,k_sample,512,1,123,0,123,100,0,3,50.0,5000,1,198,0,0.00023169998894445598,0,100,1,198,0,100,0,123,5000,0,0,
5,100,k_sample,512,1,123,1,124,100,0,3,50.0,5000,1,375,0,0.0003041000018129125,0,100,1,375,0,100,0,124,5000,0,0,
6,100,k_sample,1024,0,42,0,42,100,0,3,50.0,5000,1,252,0,0.0002533999941078946,0,100,1,252,0,100,0,42,5000,0,0,
6,100,k_sample,1024,0,42,1,43,100,0,3,50.0,5000,1,121,0,0.0002471000043442473,0,100,1,121,0,100,0,43,5000,0,0,
6,100,k_sample,1024,0,123,0,123,100,0,3,50.0,5000,1,128,0,0.0002212999970652163,0,100,1,128,0,100,0,123,5000,0,0,
6,100,k_sample,1024,0,123,1,124,100,0,3,50.0,5000,1,262,0,0.0002825999981723726,0,100,1,262,0,100,0,124,5000,0,0,
7,100,k_sample,1024,1,42,0,42,100,0,3,50.0,5000,1,464,0,0.0003226999979233369,0,100,1,464,0,100,0,42,5000,0,0,
7,100,k_sample,1024,1,42,1,43,100,0,3,50.0,5000,1,286,0,0.0002834000042639673,0,100,1,286,0,100,0,43,5000,0,0,
7,100,k_sample,1024,1,123,0,123,100,0,3,50.0,5000,1,198,0,0.00025800000003073364,0,100,1,198,0,100,0,123,5000,0,0,
7,100,k_sample,1024,1,123,1,124,100,0,3,50.0,5000,1,375,0,0.000301799998851493,0,100,1,375,0,100,0,124,5000,0,0,
8,100,nbhd,32,0,42,0,42,0,16,3,50.0,5000,1,184,0,0.000251300007221289,0,100,1,184,0,0,16,42,5000,0,0,
8,100,nbhd,32,0,42,1,43,0,16,3,50.0,5000,1,5315,1,0.0011647999926935881,0,100,1,5315,1,0,16,43,5000,0,0,
8,100,nbhd,32,0,123,0,123,0,16,3,50.0,5000,1,603,0,0.0003144999936921522,0,100,1,603,0,0,16,123,5000,0,0,
8,100,nbhd,32,0,123,1,124,0,16,3,50.0,5000,1,484,0,0.0003001000004587695,0,100,1,484,0,0,16,124,5000,0,0,
9,100,nbhd,32,1,42,0,42,0,16,3,50.0,5000,1,820,0,0.0003471000090939924,0,100,1,820,0,0,16,42,5000,0,0,
9,100,nbhd,32,1,42,1,43,0,16,3,50.0,5000,1,603,0,0.00033120000443886966,0,100,1,603,0,0,16,43,5000,0,0,
9,100,nbhd,32,1,123,0,123,0,16,3,50.0,5000,1,612,0,0.0003046999918296933,0,100,1,612,0,0,16,123,5000,0,0,
9,100,nbhd,32,1,123,1,124,0,16,3,50.0,5000,1,789,0,0.0003460000007180497,0,100,1,789,0,0,16,124,5000,0,0,
10,100,nbhd,128,0,42,0,42,0,49,3,50.0,5000,1,156,0,0.0002640000020619482,0,100,1,156,0,0,49,42,5000,0,0,
10,100,nbhd,128,0,42,1,43,0,49,3,50.0,5000,1,138,0,0.00026309999520890415,0,100,1,138,0,0,49,43,5000,0,0,
10,100,nbhd,128,0,123,0,123,0,49,3,50.0,5000,1,193,0,0.00027709999994840473,0,100,1,193,0,0,49,123,5000,0,0,
10,100,nbhd,128,0,123,1,124,0,49,3,50.0,5000,1,114,0,0.00025719999393913895,0,100,1,114,0,0,49,124,5000,0,0,
11,100,nbhd,128,1,42,0,42,0,49,3,50.0,5000,1,222,0,0.00031820000731386244,0,100,1,222,0,0,49,42,5000,0,0,
11,100,nbhd,128,1,42,1,43,0,49,3,50.0,5000,1,199,0,0.00036499999987427145,0,100,1,199,0,0,49,43,5000,0,0,
11,100,nbhd,128,1,123,0,123,0,49,3,50.0,5000,1,188,0,0.0002800000074785203,0,100,1,188,0,0,49,123,5000,0,0,
11,100,nbhd,128,1,123,1,124,0,49,3,50.0,5000,1,155,0,0.0002442999975755811,0,100,1,155,0,0,49,124,5000,0,0,
12,100,nbhd,512,0,42,0,42,0,49,3,50.0,5000,1,156,0,0.00041540000529494137,0,100,1,156,0,0,49,42,5000,0,0,
12,100,nbhd,512,0,42,1,43,0,49,3,50.0,5000,1,138,0,0.0003951999970013276,0,100,1,138,0,0,49,43,5000,0,0,
12,100,nbhd,512,0,123,0,123,0,49,3,50.0,5000,1,193,0,0.0003605999954743311,0,100,1,193,0,0,49,123,5000,0,0,
12,100,nbhd,512,0,123,1,124,0,49,3,50.0,5000,1,114,0,0.00024839999969117343,0,100,1,114,0,0,49,124,5000,0,0,
13,100,nbhd,512,1,42,0,42,0,49,3,50.0,5000,1,222,0,0.00026449999131727964,0,100,1,222,0,0,49,42,5000,0,0,
13,100,nbhd,512,1,42,1,43,0,49,3,50.0,5000,1,199,0,0.0002530000056140125,0,100,1,199,0,0,49,43,5000,0,0,
13,100,nbhd,512,1,123,0,123,0,49,3,50.0,5000,1,188,0,0.0002842999965650961,0,100,1,188,0,0,49,123,5000,0,0,
13,100,nbhd,512,1,123,1,124,0,49,3,50.0,5000,1,155,0,0.000261799999861978,0,100,1,155,0,0,49,124,5000,0,0,
14,100,nbhd,1024,0,42,0,42,0,49,3,50.0,5000,1,156,0,0.00025239998649340123,0,100,1,156,0,0,49,42,5000,0,0,
14,100,nbhd,1024,0,42,1,43,0,49,3,50.0,5000,1,138,0,0.00023200000578071922,0,100,1,138,0,0,49,43,5000,0,0,
14,100,nbhd,1024,0,123,0,123,0,49,3,50.0,5000,1,193,0,0.00029090000316500664,0,100,1,193,0,0,49,123,5000,0,0,
14,100,nbhd,1024,0,123,1,124,0,49,3,50.0,5000,1,114,0,0.0002562000008765608,0,100,1,114,0,0,49,124,5000,0,0,
15,100,nbhd,1024,1,42,0,42,0,49,3,50.0,5000,1,222,0,0.0002882999979192391,0,100,1,222,0,0,49,42,5000,0,0,
15,100,nbhd,1024,1,42,1,43,0,49,3,50.0,5000,1,199,0,0.0002767000114545226,0,100,1,199,0,0,49,43,5000,0,0,
15,100,nbhd,1024,1,123,0,123,0,49,3,50.0,5000,1,188,0,0.0002700999903026968,0,100,1,188,0,0,49,123,5000,0,0,
15,100,nbhd,1024,1,123,1,124,0,49,3,50.0,5000,1,155,0,0.00025040000036824495,0,100,1,155,0,0,49,124,5000,0,0,
16,1000,k_sample,32,0,42,0,42,32,0,3,50.0,50000,1,5959,0,0.0028755999956047162,0,1000,1,5959,0,32,0,42,50000,0,0,
16,1000,k_sample,32,0,42,1,43,32,0,3,50.0,50000,0,200000,4,0.048339700006181374,6,1000,0,200000,4,32,0,43,50000,0,0,
16,1000,k_sample,32,0,123,0,123,32,0,3,50.0,50000,0,200000,4,0.049632999987807125,18,1000,0,200000,4,32,0,123,50000,0,0,
16,1000,k_sample,32,0,123,1,124,32,0,3,50.0,50000,0,200000,4,0.04958239999541547,5,1000,0,200000,4,32,0,124,50000,0,0,
17,1000,k_sample,32,1,42,0,42,32,0,3,50.0,50000,0,200000,4,0.049019600002793595,11,1000,0,200000,4,32,0,42,50000,0,0,
17,1000,k_sample,32,1,42,1,43,32,0,3,50.0,50000,0,200000,4,0.05034750000049826,11,1000,0,200000,4,32,0,43,50000,0,0,
17,1000,k_sample,32,1,123,0,123,32,0,3,50.0,50000,0,200000,4,0.049750599995604716,11,1000,0,200000,4,32,0,123,50000,0,0,
17,1000,k_sample,32,1,123,1,124,32,0,3,50.0,50000,0,200000,4,0.04976080000051297,11,1000,0,200000,4,32,0,124,50000,0,0,
18,1000,k_sample,128,0,42,0,42,128,0,3,50.0,50000,1,1371,0,0.002322300002560951,0,1000,1,1371,0,128,0,42,50000,0,0,
18,1000,k_sample,128,0,42,1,43,128,0,3,50.0,50000,1,1301,0,0.002242600006866269,0,1000,1,1301,0,128,0,43,50000,0,0,
18,1000,k_sample,128,0,123,0,123,128,0,3,50.0,50000,1,1350,0,0.0026329999964218587,0,1000,1,1350,0,128,0,123,50000,0,0,
18,1000,k_sample,128,0,123,1,124,128,0,3,50.0,50000,1,1194,0,0.0025239000096917152,0,1000,1,1194,0,128,0,124,50000,0,0,
19,1000,k_sample,128,1,42,0,42,128,0,3,50.0,50000,1,2013,0,0.0027673000004142523,0,1000,1,2013,0,128,0,42,50000,0,0,
19,1000,k_sample,128,1,42,1,43,128,0,3,50.0,50000,1,1822,0,0.0027439999976195395,0,1000,1,1822,0,128,0,43,50000,0,0,
19,1000,k_sample,128,1,123,0,123,128,0,3,50.0,50000,1,2115,0,0.0029412000003503636,0,1000,1,2115,0,128,0,123,50000,0,0,
19,1000,k_sample,128,1,123,1,124,128,0,3,50.0,50000,1,1983,0,0.0027174999995622784,0,1000,1,1983,0,128,0,124,50000,0,0,
20,1000,k_sample,512,0,42,0,42,512,0,3,50.0,50000,1,846,0,0.003075200002058409,0,1000,1,846,0,512,0,42,50000,0,0,
20,1000,k_sample,512,0,42,1,43,512,0,3,50.0,50000,1,729,0,0.0028512999997474253,0,1000,1,729,0,512,0,43,50000,0,0,
20,1000,k_sample,512,0,123,0,123,512,0,3,50.0,50000,1,807,0,0.0031355999963125214,0,1000,1,807,0,512,0,123,50000,0,0,
20,1000,k_sample,512,0,123,1,124,512,0,3,50.0,50000,1,825,0,0.0034405999904265627,0,1000,1,825,0,512,0,124,50000,0,0,
21,1000,k_sample,512,1,42,0,42,512,0,3,50.0,50000,1,1279,0,0.004214900007355027,0,1000,1,1279,0,512,0,42,50000,0,0,
21,1000,k_sample,512,1,42,1,43,512,0,3,50.0,50000,1,1407,0,0.004477099995710887,0,1000,1,1407,0,512,0,43,50000,0,0,
21,1000,k_sample,512,1,123,0,123,512,0,3,50.0,50000,1,1408,0,0.004702999998698942,0,1000,1,1408,0,512,0,123,50000,0,0,
21,1000,k_sample,512,1,123,1,124,512,0,3,50.0,50000,1,1291,0,0.004483600001549348,0,1000,1,1291,0,512,0,124,50000,0,0,
22,1000,k_sample,1024,0,42,0,42,1000,0,3,50.0,50000,1,8712,0,0.0183783999964362,0,1000,1,8712,0,1000,0,42,50000,0,0,
22,1000,k_sample,1024,0,42,1,43,1000,0,3,50.0,50000,1,847,0,0.0032561000116402283,0,1000,1,847,0,1000,0,43,50000,0,0,
22,1000,k_sample,1024,0,123,0,123,1000,0,3,50.0,50000,1,797,0,0.0027737999917007983,0,1000,1,797,0,1000,0,123,50000,0,0,
22,1000,k_sample,1024,0,123,1,124,1000,0,3,50.0,50000,1,800,0,0.0027365999994799495,0,1000,1,800,0,1000,0,124,50000,0,0,
23,1000,k_sample,1024,1,42,0,42,1000,0,3,50.0,50000,1,1383,0,0.003923399999621324,0,1000,1,1383,0,1000,0,42,50000,0,0,
23,1000,k_sample,1024,1,42,1,43,1000,0,3,50.0,50000,1,1205,0,0.0036683999933302402,0,1000,1,1205,0,1000,0,43,50000,0,0,
23,1000,k_sample,1024,1,123,0,123,1000,0,3,50.0,50000,1,1446,0,0.004048000002512708,0,1000,1,1446,0,1000,0,123,50000,0,0,
23,1000,k_sample,1024,1,123,1,124,1000,0,3,50.0,50000,1,2537,0,0.005939399998169392,0,1000,1,2537,0,1000,0,124,50000,0,0,
24,1000,nbhd,32,0,42,0,42,0,16,3,50.0,50000,1,23346,0,0.008417900011409074,0,1000,1,23346,0,0,16,42,50000,0,0,
24,1000,nbhd,32,0,42,1,43,0,16,3,50.0,50000,0,200000,4,0.0504058999940753,3,1000,0,200000,4,0,16,43,50000,0,0,
24,1000,nbhd,32,0,123,0,123,0,16,3,50.0,50000,0,200000,4,0.06945970001106616,4,1000,0,200000,4,0,16,123,50000,0,0,
24,1000,nbhd,32,0,123,1,124,0,16,3,50.0,50000,0,200000,4,0.06324010000389535,9,1000,0,200000,4,0,16,124,50000,0,0,
25,1000,nbhd,32,1,42,0,42,0,16,3,50.0,50000,0,200000,4,0.0298462000064319,696,1000,0,200000,4,0,16,42,50000,0,0,
25,1000,nbhd,32,1,42,1,43,0,16,3,50.0,50000,0,200000,4,0.029946000009658746,708,1000,0,200000,4,0,16,43,50000,0,0,
25,1000,nbhd,32,1,123,0,123,0,16,3,50.0,50000,0,200000,4,0.029399999999441206,674,1000,0,200000,4,0,16,123,50000,0,0,
25,1000,nbhd,32,1,123,1,124,0,16,3,50.0,50000,0,200000,4,0.030094400004600175,660,1000,0,200000,4,0,16,124,50000,0,0,
26,1000,nbhd,128,0,42,0,42,0,64,3,50.0,50000,1,1498,0,0.0023904999980004504,0,1000,1,1498,0,0,64,42,50000,0,0,
26,1000,nbhd,128,0,42,1,43,0,64,3,50.0,50000,1,2019,0,0.002627900001243688,0,1000,1,2019,0,0,64,43,50000,0,0,
26,1000,nbhd,128,0,123,0,123,0,64,3,50.0,50000,1,1500,0,0.002219899994088337,0,1000,1,1500,0,0,64,123,50000,0,0,
26,1000,nbhd,128,0,123,1,124,0,64,3,50.0,50000,1,1999,0,0.002516199994715862,0,1000,1,1999,0,0,64,124,50000,0,0,
27,1000,nbhd,128,1,42,0,42,0,64,3,50.0,50000,0,200000,4,0.09634120001283009,5,1000,0,200000,4,0,64,42,50000,0,0,
27,1000,nbhd,128,1,42,1,43,0,64,3,50.0,50000,0,200000,4,0.09301739999500569,23,1000,0,200000,4,0,64,43,50000,0,0,
27,1000,nbhd,128,1,123,0,123,0,64,3,50.0,50000,0,200000,4,0.12443899999198038,6,1000,0,200000,4,0,64,123,50000,0,0,
27,1000,nbhd,128,1,123,1,124,0,64,3,50.0,50000,0,200000,4,0.1235177000053227,1,1000,0,200000,4,0,64,124,50000,0,0,
28,1000,nbhd,512,0,42,0,42,0,256,3,50.0,50000,1,756,0,0.0028072999994037673,0,1000,1,756,0,0,256,42,50000,0,0,
28,1000,nbhd,512,0,42,1,43,0,256,3,50.0,50000,1,811,0,0.002766000005067326,0,1000,1,811,0,0,256,43,50000,0,0,
28,1000,nbhd,512,0,123,0,123,0,256,3,50.0,50000,1,769,0,0.0026689000078476965,0,1000,1,769,0,0,256,123,50000,0,0,
28,1000,nbhd,512,0,123,1,124,0,256,3,50.0,50000,1,740,0,0.004611299998941831,0,1000,1,740,0,0,256,124,50000,0,0,
29,1000,nbhd,512,1,42,0,42,0,256,3,50.0,50000,1,1742,0,0.006728599997586571,0,1000,1,1742,0,0,256,42,50000,0,0,
29,1000,nbhd,512,1,42,1,43,0,256,3,50.0,50000,1,1961,0,0.005201000007218681,0,1000,1,1961,0,0,256,43,50000,0,0,
29,1000,nbhd,512,1,123,0,123,0,256,3,50.0,50000,1,1797,0,0.004197999995085411,0,1000,1,1797,0,0,256,123,50000,0,0,
29,1000,nbhd,512,1,123,1,124,0,256,3,50.0,50000,1,1692,0,0.004541300004348159,0,1000,1,1692,0,0,256,124,50000,0,0,
30,1000,nbhd,1024,0,42,0,42,0,499,3,50.0,50000,1,722,0,0.0033500999998068437,0,1000,1,722,0,0,499,42,50000,0,0,
30,1000,nbhd,1024,0,42,1,43,0,499,3,50.0,50000,1,704,0,0.003272000001743436,0,1000,1,704,0,0,499,43,50000,0,0,
30,1000,nbhd,1024,0,123,0,123,0,499,3,50.0,50000,1,718,0,0.003392300000996329,0,1000,1,718,0,0,499,123,50000,0,0,
30,1000,nbhd,1024,0,123,1,124,0,499,3,50.0,50000,1,755,0,0.0034786000032909214,0,1000,1,755,0,0,499,124,50000,0,0,
31,1000,nbhd,1024,1,42,0,42,0,499,3,50.0,50000,1,1201,0,0.0048648999945726246,0,1000,1,1201,0,0,499,42,50000,0,0,
31,1000,nbhd,1024,1,42,1,43,0,499,3,50.0,50000,1,1185,0,0.0046647999988636,0,1000,1,1185,0,0,499,43,50000,0,0,
31,1000,nbhd,1024,1,123,0,123,0,499,3,50.0,50000,1,1224,0,0.004886000009719282,0,1000,1,1224,0,0,499,123,50000,0,0,
31,1000,nbhd,1024,1,123,1,124,0,499,3,50.0,50000,1,1169,0,0.004640900006052107,0,1000,1,1169,0,0,499,124,50000,0,0,
32,10000,k_sample,32,0,42,0,42,32,0,3,50.0,500000,0,2000000,4,0.5298172999900999,96,10000,0,2000000,4,32,0,42,500000,0,0,
32,10000,k_sample,32,0,42,1,43,32,0,3,50.0,500000,0,2000000,4,0.5473544999986188,85,10000,0,2000000,4,32,0,43,500000,0,0,
32,10000,k_sample,32,0,123,0,123,32,0,3,50.0,500000,0,2000000,4,0.5348588999913773,90,10000,0,2000000,4,32,0,123,500000,0,0,
32,10000,k_sample,32,0,123,1,124,32,0,3,50.0,500000,0,2000000,4,0.5339099000120768,92,10000,0,2000000,4,32,0,124,500000,0,0,
33,10000,k_sample,32,1,42,0,42,32,0,3,50.0,500000,0,2000000,4,0.5348375000030501,97,10000,0,2000000,4,32,0,42,500000,0,0,
33,10000,k_sample,32,1,42,1,43,32,0,3,50.0,500000,0,2000000,4,0.5360210000071675,108,10000,0,2000000,4,32,0,43,500000,0,0,
33,10000,k_sample,32,1,123,0,123,32,0,3,50.0,500000,0,2000000,4,0.5332105999987107,107,10000,0,2000000,4,32,0,123,500000,0,0,
33,10000,k_sample,32,1,123,1,124,32,0,3,50.0,500000,0,2000000,4,0.5306887999904575,99,10000,0,2000000,4,32,0,124,500000,0,0,
34,10000,k_sample,128,0,42,0,42,128,0,3,50.0,500000,1,12558,0,0.025107900000875816,0,10000,1,12558,0,128,0,42,500000,0,0,
34,10000,k_sample,128,0,42,1,43,128,0,3,50.0,500000,1,12566,0,0.026594299997668713,0,10000,1,12566,0,128,0,43,500000,0,0,
34,10000,k_sample,128,0,123,0,123,128,0,3,50.0,500000,1,13722,0,0.02809290000004694,0,10000,1,13722,0,128,0,123,500000,0,0,
34,10000,k_sample,128,0,123,1,124,128,0,3,50.0,500000,1,14974,0,0.033390500000678,0,10000,1,14974,0,128,0,124,500000,0,0,
35,10000,k_sample,128,1,42,0,42,128,0,3,50.0,500000,1,21891,0,0.04379869998956565,0,10000,1,21891,0,128,0,42,500000,0,0,
35,10000,k_sample,128,1,42,1,43,128,0,3,50.0,500000,1,20502,0,0.041385600008652546,0,10000,1,20502,0,128,0,43,500000,0,0,
35,10000,k_sample,128,1,123,0,123,128,0,3,50.0,500000,1,19502,0,0.031740599995828234,0,10000,1,19502,0,128,0,123,500000,0,0,
35,10000,k_sample,128,1,123,1,124,128,0,3,50.0,500000,1,20947,0,0.03628549999848474,0,10000,1,20947,0,128,0,124,500000,0,0,
36,10000,k_sample,512,0,42,0,42,512,0,3,50.0,500000,1,8035,0,0.032720299990614876,0,10000,1,8035,0,512,0,42,500000,0,0,
36,10000,k_sample,512,0,42,1,43,512,0,3,50.0,500000,1,7802,0,0.03133710000838619,0,10000,1,7802,0,512,0,43,500000,0,0,
36,10000,k_sample,512,0,123,0,123,512,0,3,50.0,500000,1,8505,0,0.035151000003679655,0,10000,1,8505,0,512,0,123,500000,0,0,
36,10000,k_sample,512,0,123,1,124,512,0,3,50.0,500000,1,8489,0,0.03466019999177661,0,10000,1,8489,0,512,0,124,500000,0,0,
37,10000,k_sample,512,1,42,0,42,512,0,3,50.0,500000,1,13170,0,0.04408190000685863,0,10000,1,13170,0,512,0,42,500000,0,0,
37,10000,k_sample,512,1,42,1,43,512,0,3,50.0,500000,1,13218,0,0.045076999987941235,0,10000,1,13218,0,512,0,43,500000,0,0,
37,10000,k_sample,512,1,123,0,123,512,0,3,50.0,500000,1,13031,0,0.04555819999950472,0,10000,1,13031,0,512,0,123,500000,0,0,
37,10000,k_sample,512,1,123,1,124,512,0,3,50.0,500000,1,13125,0,0.044464399994467385,0,10000,1,13125,0,512,0,124,500000,0,0,
38,10000,k_sample,1024,0,42,0,42,1024,0,3,50.0,500000,1,7045,0,0.04271959999459796,0,10000,1,7045,0,1024,0,42,500000,0,0,
38,10000,k_sample,1024,0,42,1,43,1024,0,3,50.0,500000,1,7085,0,0.04133719998935703,0,10000,1,7085,0,1024,0,43,500000,0,0,
38,10000,k_sample,1024,0,123,0,123,1024,0,3,50.0,500000,1,6992,0,0.04183059999195393,0,10000,1,6992,0,1024,0,123,500000,0,0,
38,10000,k_sample,1024,0,123,1,124,1024,0,3,50.0,500000,1,7470,0,0.044389000002411194,0,10000,1,7470,0,1024,0,124,500000,0,0,
39,10000,k_sample,1024,1,42,0,42,1024,0,3,50.0,500000,1,11945,0,0.06452660000650212,0,10000,1,11945,0,1024,0,42,500000,0,0,
39,10000,k_sample,1024,1,42,1,43,1024,0,3,50.0,500000,1,12133,0,0.06618809999781661,0,10000,1,12133,0,1024,0,43,500000,0,0,
39,10000,k_sample,1024,1,123,0,123,1024,0,3,50.0,500000,1,11747,0,0.06344300000637304,0,10000,1,11747,0,1024,0,123,500000,0,0,
39,10000,k_sample,1024,1,123,1,124,1024,0,3,50.0,500000,1,11988,0,0.06552940000256058,0,10000,1,11988,0,1024,0,124,500000,0,0,
40,10000,nbhd,32,0,42,0,42,0,16,3,50.0,500000,0,2000000,4,0.4001257999916561,144,10000,0,2000000,4,0,16,42,500000,0,0,
40,10000,nbhd,32,0,42,1,43,0,16,3,50.0,500000,0,2000000,4,0.4059841999987839,127,10000,0,2000000,4,0,16,43,500000,0,0,
40,10000,nbhd,32,0,123,0,123,0,16,3,50.0,500000,0,2000000,4,0.40722459999960847,130,10000,0,2000000,4,0,16,123,500000,0,0,
40,10000,nbhd,32,0,123,1,124,0,16,3,50.0,500000,0,2000000,4,0.4227969000057783,64,10000,0,2000000,4,0,16,124,500000,0,0,
41,10000,nbhd,32,1,42,0,42,0,16,3,50.0,500000,0,2000000,4,0.30205250000290107,50178,10000,0,2000000,4,0,16,42,500000,0,0,
41,10000,nbhd,32,1,42,1,43,0,16,3,50.0,500000,0,2000000,4,0.3009425999916857,50349,10000,0,2000000,4,0,16,43,500000,0,0,
41,10000,nbhd,32,1,123,0,123,0,16,3,50.0,500000,0,2000000,4,0.3013116999936756,49523,10000,0,2000000,4,0,16,123,500000,0,0,
41,10000,nbhd,32,1,123,1,124,0,16,3,50.0,500000,0,2000000,4,0.2969951000122819,49498,10000,0,2000000,4,0,16,124,500000,0,0,
42,10000,nbhd,128,0,42,0,42,0,64,3,50.0,500000,1,53258,0,0.09479550000105519,0,10000,1,53258,0,0,64,42,500000,0,0,
42,10000,nbhd,128,0,42,1,43,0,64,3,50.0,500000,1,540224,1,0.3891952999983914,0,10000,1,540224,1,0,64,43,500000,0,0,
42,10000,nbhd,128,0,123,0,123,0,64,3,50.0,500000,1,51718,0,0.062254599994048476,0,10000,1,51718,0,0,64,123,500000,0,0,
42,10000,nbhd,128,0,123,1,124,0,64,3,50.0,500000,1,1058994,2,3.15172480000183,0,10000,1,1058994,2,0,64,124,500000,0,0,
43,10000,nbhd,128,1,42,0,42,0,64,3,50.0,500000,0,2000000,4,0.8322169000020949,14529,10000,0,2000000,4,0,64,42,500000,0,0,
43,10000,nbhd,128,1,42,1,43,0,64,3,50.0,500000,0,2000000,4,0.8344326000078581,14557,10000,0,2000000,4,0,64,43,500000,0,0,
43,10000,nbhd,128,1,123,0,123,0,64,3,50.0,500000,0,2000000,4,0.8324138000025414,14326,10000,0,2000000,4,0,64,123,500000,0,0,
43,10000,nbhd,128,1,123,1,124,0,64,3,50.0,500000,0,2000000,4,0.8468084000051022,14306,10000,0,2000000,4,0,64,124,500000,0,0,
44,10000,nbhd,512,0,42,0,42,0,256,3,50.0,500000,1,11670,0,0.036937799988663755,0,10000,1,11670,0,0,256,42,500000,0,0,
44,10000,nbhd,512,0,42,1,43,0,256,3,50.0,500000,1,12999,0,0.03672540000115987,0,10000,1,12999,0,0,256,43,500000,0,0,
44,10000,nbhd,512,0,123,0,123,0,256,3,50.0,500000,1,11747,0,0.03605690000404138,0,10000,1,11747,0,0,256,123,500000,0,0,
44,10000,nbhd,512,0,123,1,124,0,256,3,50.0,500000,1,10802,0,0.03496229999291245,0,10000,1,10802,0,0,256,124,500000,0,0,
45,10000,nbhd,512,1,42,0,42,0,256,3,50.0,500000,0,2000000,4,2.7314955000038026,2788,10000,0,2000000,4,0,256,42,500000,0,0,
45,10000,nbhd,512,1,42,1,43,0,256,3,50.0,500000,0,2000000,4,2.7370129999908386,2802,10000,0,2000000,4,0,256,43,500000,0,0,
45,10000,nbhd,512,1,123,0,123,0,256,3,50.0,500000,0,2000000,4,2.760733100003563,2579,10000,0,2000000,4,0,256,123,500000,0,0,
45,10000,nbhd,512,1,123,1,124,0,256,3,50.0,500000,0,2000000,4,2.765477599998121,2647,10000,0,2000000,4,0,256,124,500000,0,0,
46,10000,nbhd,1024,0,42,0,42,0,512,3,50.0,500000,1,7922,0,0.036186100012855604,0,10000,1,7922,0,0,512,42,500000,0,0,
46,10000,nbhd,1024,0,42,1,43,0,512,3,50.0,500000,1,8430,0,0.04084859999420587,0,10000,1,8430,0,0,512,43,500000,0,0,
46,10000,nbhd,1024,0,123,0,123,0,512,3,50.0,500000,1,7781,0,0.035659100001794286,0,10000,1,7781,0,0,512,123,500000,0,0,
46,10000,nbhd,1024,0,123,1,124,0,512,3,50.0,500000,1,8121,0,0.03902379999635741,0,10000,1,8121,0,0,512,124,500000,0,0,
47,10000,nbhd,1024,1,42,0,42,0,512,3,50.0,500000,0,2000000,4,5.657923999999184,28,10000,0,2000000,4,0,512,42,500000,0,0,
47,10000,nbhd,1024,1,42,1,43,0,512,3,50.0,500000,0,2000000,4,5.611029099993175,25,10000,0,2000000,4,0,512,43,500000,0,0,
47,10000,nbhd,1024,1,123,0,123,0,512,3,50.0,500000,0,2000000,4,5.645100099995034,31,10000,0,2000000,4,0,512,123,500000,0,0,
47,10000,nbhd,1024,1,123,1,124,0,512,3,50.0,500000,0,2000000,4,5.689272400006303,71,10000,0,2000000,4,0,512,124,500000,0,0,
48,1000000,k_sample,32,0,42,0,42,32,0,3,50.0,50000000,0,200000000,4,208.79708469999605,10173,1000000,0,200000000,4,32,0,42,50000000,0,0,
48,1000000,k_sample,32,0,42,1,43,32,0,3,50.0,50000000,0,200000000,4,199.99645540000347,9891,1000000,0,200000000,4,32,0,43,50000000,0,0,
48,1000000,k_sample,32,0,123,0,123,32,0,3,50.0,50000000,0,200000000,4,190.36472010001307,9991,1000000,0,200000000,4,32,0,123,50000000,0,0,
48,1000000,k_sample,32,0,123,1,124,32,0,3,50.0,50000000,0,200000000,4,187.9567803999962,10191,1000000,0,200000000,4,32,0,124,50000000,0,0,
49,1000000,k_sample,32,1,42,0,42,32,0,3,50.0,50000000,0,200000000,4,186.90808700000343,9968,1000000,0,200000000,4,32,0,42,50000000,0,0,
49,1000000,k_sample,32,1,42,1,43,32,0,3,50.0,50000000,0,200000000,4,186.6079488999967,9757,1000000,0,200000000,4,32,0,43,50000000,0,0,
49,1000000,k_sample,32,1,123,0,123,32,0,3,50.0,50000000,0,200000000,4,187.4655161999981,9905,1000000,0,200000000,4,32,0,123,50000000,0,0,
49,1000000,k_sample,32,1,123,1,124,32,0,3,50.0,50000000,0,200000000,4,196.35378299999866,10028,1000000,0,200000000,4,32,0,124,50000000,0,0,
50,1000000,k_sample,128,0,42,0,42,128,0,3,50.0,50000000,1,1981242,0,350.27988699999696,0,1000000,1,1981242,0,128,0,42,50000000,0,0,
50,1000000,k_sample,128,0,42,1,43,128,0,3,50.0,50000000,1,2252923,0,903.0810766000068,0,1000000,1,2252923,0,128,0,43,50000000,0,0,
51,1000000,k_sample,128,1,42,0,42,128,0,3,50.0,50000000,1,2628787,0,586.2103467999987,0,1000000,1,2628787,0,128,0,42,50000000,0,0,
51,1000000,k_sample,128,1,42,1,43,128,0,3,50.0,50000000,1,2722040,0,569.357016599999,0,1000000,1,2722040,0,128,0,43,50000000,0,0,
52,1000000,k_sample,512,0,42,0,42,512,0,3,50.0,50000000,1,895435,0,103.75970419999794,0,1000000,1,895435,0,512,0,42,50000000,0,0,
52,1000000,k_sample,512,0,42,1,43,512,0,3,50.0,50000000,1,968370,0,197.60705289999896,0,1000000,1,968370,0,512,0,43,50000000,0,0,
52,1000000,k_sample,512,0,123,0,123,512,0,3,50.0,50000000,1,875412,0,38.60554979999142,0,1000000,1,875412,0,512,0,123,50000000,0,0,
52,1000000,k_sample,512,0,123,1,124,512,0,3,50.0,50000000,1,916065,0,196.48304449999705,0,1000000,1,916065,0,512,0,124,50000000,0,0,
53,1000000,k_sample,512,1,42,0,42,512,0,3,50.0,50000000,1,1443889,0,135.39701460000651,0,1000000,1,1443889,0,512,0,42,50000000,0,0,
53,1000000,k_sample,512,1,42,1,43,512,0,3,50.0,50000000,1,1433159,0,113.04480840000906,0,1000000,1,1433159,0,512,0,43,50000000,0,0,
53,1000000,k_sample,512,1,123,0,123,512,0,3,50.0,50000000,1,1438413,0,104.0739132000017,0,1000000,1,1438413,0,512,0,123,50000000,0,0,
53,1000000,k_sample,512,1,123,1,124,512,0,3,50.0,50000000,1,1437143,0,111.28937450000376,0,1000000,1,1437143,0,512,0,124,50000000,0,0,
54,1000000,k_sample,1024,0,42,0,42,1024,0,3,50.0,50000000,1,748096,0,41.252470799998264,0,1000000,1,748096,0,1024,0,42,50000000,0,0,
54,1000000,k_sample,1024,0,42,1,43,1024,0,3,50.0,50000000,1,736692,0,31.32501939999929,0,1000000,1,736692,0,1024,0,43,50000000,0,0,
54,1000000,k_sample,1024,0,123,0,123,1024,0,3,50.0,50000000,1,796625,0,150.03686639999796,0,1000000,1,796625,0,1024,0,123,50000000,0,0,
54,1000000,k_sample,1024,0,123,1,124,1024,0,3,50.0,50000000,1,756337,0,67.90730029999395,0,1000000,1,756337,0,1024,0,124,50000000,0,0,
55,1000000,k_sample,1024,1,42,0,42,1024,0,3,50.0,50000000,1,1279216,0,127.70762960000138,0,1000000,1,1279216,0,1024,0,42,50000000,0,0,
55,1000000,k_sample,1024,1,42,1,43,1024,0,3,50.0,50000000,1,1287105,0,138.54805959999794,0,1000000,1,1287105,0,1024,0,43,50000000,0,0,
55,1000000,k_sample,1024,1,123,0,123,1024,0,3,50.0,50000000,1,1238257,0,50.72978180000791,0,1000000,1,1238257,0,1024,0,123,50000000,0,0,
55,1000000,k_sample,1024,1,123,1,124,1024,0,3,50.0,50000000,1,1245267,0,55.07781110001088,0,1000000,1,1245267,0,1024,0,124,50000000,0,0,
56,1000000,nbhd,32,0,42,0,42,0,16,3,50.0,50000000,0,200000000,4,109.84455500000331,10260,1000000,0,200000000,4,0,16,42,50000000,0,0,
56,1000000,nbhd,32,0,42,1,43,0,16,3,50.0,50000000,0,200000000,4,110.84842739999294,9754,1000000,0,200000000,4,0,16,43,50000000,0,0,
56,1000000,nbhd,32,0,123,0,123,0,16,3,50.0,50000000,0,200000000,4,108.90750929999922,9987,1000000,0,200000000,4,0,16,123,50000000,0,0,
56,1000000,nbhd,32,0,123,1,124,0,16,3,50.0,50000000,0,200000000,4,108.43844289999106,10107,1000000,0,200000000,4,0,16,124,50000000,0,0,
57,1000000,nbhd,32,1,42,0,42,0,16,3,50.0,50000000,0,200000000,4,37.972049500007415,245947755,1000000,0,200000000,4,0,16,42,50000000,0,0,
57,1000000,nbhd,32,1,42,1,43,0,16,3,50.0,50000000,0,200000000,4,38.41141319999588,246087823,1000000,0,200000000,4,0,16,43,50000000,0,0,
57,1000000,nbhd,32,1,123,0,123,0,16,3,50.0,50000000,0,200000000,4,39.00401520000014,245974869,1000000,0,200000000,4,0,16,123,50000000,0,0,
57,1000000,nbhd,32,1,123,1,124,0,16,3,50.0,50000000,0,200000000,4,38.93046309999772,246048516,1000000,0,200000000,4,0,16,124,50000000,0,0,
58,1000000,nbhd,128,0,42,0,42,0,64,3,50.0,50000000,0,200000000,4,1017.1478515000053,313,1000000,0,200000000,4,0,64,42,50000000,0,0,
59,1000000,nbhd,128,1,42,0,42,0,64,3,50.0,50000000,0,200000000,4,100.67311260000861,63574758,1000000,0,200000000,4,0,64,42,50000000,0,0,
59,1000000,nbhd,128,1,42,1,43,0,64,3,50.0,50000000,0,200000000,4,100.08636539999861,63587224,1000000,0,200000000,4,0,64,43,50000000,0,0,
59,1000000,nbhd,128,1,123,0,123,0,64,3,50.0,50000000,0,200000000,4,99.6543132999941,63541325,1000000,0,200000000,4,0,64,123,50000000,0,0,
59,1000000,nbhd,128,1,123,1,124,0,64,3,50.0,50000000,0,200000000,4,100.44699440000113,63522102,1000000,0,200000000,4,0,64,124,50000000,0,0,
60,1000000,nbhd,512,0,42,0,42,0,256,3,50.0,50000000,0,200000000,4,8424.518671900005,147,1000000,0,200000000,4,0,256,42,50000000,0,0,
61,1000000,nbhd,512,1,42,0,42,0,256,3,50.0,50000000,0,200000000,4,288.2384477000014,17518592,1000000,0,200000000,4,0,256,42,50000000,0,0,
61,1000000,nbhd,512,1,42,1,43,0,256,3,50.0,50000000,0,200000000,4,288.05804510001326,17518971,1000000,0,200000000,4,0,256,43,50000000,0,0,
61,1000000,nbhd,512,1,123,0,123,0,256,3,50.0,50000000,0,200000000,4,288.31557299999986,17521030,1000000,0,200000000,4,0,256,123,50000000,0,0,
61,1000000,nbhd,512,1,123,1,124,0,256,3,50.0,50000000,0,200000000,4,288.86275939999905,17519387,1000000,0,200000000,4,0,256,124,50000000,0,0,
62,1000000,nbhd,1024,0,42,0,42,0,512,3,50.0,50000000,1,52700520,1,4294.121516299987,0,1000000,1,52700520,1,0,512,42,50000000,0,0,
63,1000000,nbhd,1024,1,42,0,42,0,512,3,50.0,50000000,0,200000000,4,519.7565277999965,9534309,1000000,0,200000000,4,0,512,42,50000000,0,0,
63,1000000,nbhd,1024,1,42,1,43,0,512,3,50.0,50000000,0,200000000,4,520.1383083999972,9535752,1000000,0,200000000,4,0,512,43,50000000,0,0,
